City_ID,City,Country,Date,Lat,Lng,Max Temp,Humidity,Cloudiness,Wind Speed
0,Bambous Virieux,MU,2021-12-18 05:55:41,-20.3428,57.7575,83.21,69,40,11.5
1,Rognan,NO,2021-12-18 05:55:42,67.0953,15.3878,43.88,89,100,18.95
2,Paamiut,GL,2021-12-18 05:55:42,61.994,-49.6678,11.97,73,0,7.58
3,Viedma,AR,2021-12-18 05:55:42,-40.8135,-62.9967,71.38,59,71,13.96
4,Maldonado,UY,2021-12-18 05:55:43,-34.6667,-54.9167,61.99,94,1,5.95
5,Albany,US,2021-12-18 05:51:23,42.6001,-73.9662,36.81,74,100,3.0
6,Zhigansk,RU,2021-12-18 05:55:43,66.7697,123.3711,-33.43,96,91,5.3
7,Waingapu,ID,2021-12-18 05:55:43,-9.6567,120.2641,88.47,69,58,8.84
8,Yellowknife,CA,2021-12-18 05:50:48,62.456,-114.3525,-19.59,82,20,12.66
9,Oranjestad,AW,2021-12-18 05:55:44,12.524,-70.027,78.91,84,76,4.0
10,East London,ZA,2021-12-18 05:53:42,-33.0153,27.9116,65.34,68,0,10.36
11,Ushuaia,AR,2021-12-18 05:55:44,-54.8,-68.3,47.86,87,20,10.36
12,Mukhen,RU,2021-12-18 05:55:44,48.1,136.1,-3.57,84,71,8.14
13,Codrington,AU,2021-12-18 05:55:45,-38.2667,141.9667,67.95,58,59,14.97
14,Susanville,US,2021-12-18 05:55:45,40.4163,-120.653,18.09,92,90,1.3
15,Porto Novo,BJ,2021-12-18 05:55:45,6.4965,2.6036,76.82,81,78,3.87
16,Tiznit,MA,2021-12-18 05:55:46,29.5833,-9.5,53.71,32,1,9.35
17,Ancud,CL,2021-12-18 05:55:46,-41.8697,-73.8203,54.93,91,100,3.09
18,Dargaville,NZ,2021-12-18 05:55:46,-35.9333,173.8833,65.59,64,4,10.13
19,Aykhal,RU,2021-12-18 05:55:47,66.0,111.5,-28.44,98,100,6.49
20,Chokurdakh,RU,2021-12-18 05:55:47,70.6333,147.9167,-37.77,100,100,4.88
21,Saint-Philippe,RE,2021-12-18 05:55:47,-21.3585,55.7679,85.48,71,3,1.21
22,Mataura,NZ,2021-12-18 05:55:48,-46.1927,168.8643,57.47,56,82,7.83
23,Cabo San Lucas,MX,2021-12-18 05:53:42,22.8909,-109.9124,72.52,82,77,2.26
24,Busselton,AU,2021-12-18 05:55:48,-33.65,115.3333,65.08,61,82,17.34
25,Ahipara,NZ,2021-12-18 05:55:48,-35.1667,173.1667,65.5,62,5,10.02
26,Abu Samrah,SY,2021-12-18 05:55:49,35.3029,37.1841,50.72,78,77,16.44
27,Tiksi,RU,2021-12-18 05:55:49,71.6872,128.8694,-24.7,100,100,2.62
28,Puerto Ayora,EC,2021-12-18 05:55:49,-0.7393,-90.3518,68.56,97,67,6.29
29,Smithers,CA,2021-12-18 05:55:50,54.7804,-127.1743,8.92,92,90,3.44
30,Basco,PH,2021-12-18 05:55:50,20.4487,121.9702,71.87,77,100,35.03
31,Esperance,AU,2021-12-18 05:55:50,-33.8667,121.9,82.24,53,76,29.08
32,Jamestown,US,2021-12-18 05:51:12,42.097,-79.2353,34.3,91,75,1.99
33,Littlehampton,GB,2021-12-18 05:55:51,50.8069,-0.5378,47.16,89,67,19.3
34,Georgetown,MY,2021-12-18 05:55:03,5.4112,100.3354,82.33,83,40,1.01
35,Trindade,BR,2021-12-18 05:55:51,-16.6494,-49.4889,69.55,85,96,3.42
36,Rikitea,PF,2021-12-18 05:55:52,-23.1203,-134.9692,75.42,80,78,16.75
37,Lavrentiya,RU,2021-12-18 05:55:52,65.5833,-171.0,6.03,87,100,8.97
38,Okhotsk,RU,2021-12-18 05:55:52,59.3833,143.3,0.03,97,100,11.79
39,Brigantine,US,2021-12-18 05:55:53,39.4101,-74.3646,51.85,43,98,4.47
40,Barrow,US,2021-12-18 05:55:53,71.2906,-156.7887,-10.5,95,99,16.96
41,Henties Bay,NA,2021-12-18 05:55:53,-22.116,14.2845,63.86,83,1,4.7
42,Iskateley,RU,2021-12-18 05:55:54,67.6803,53.1512,-15.14,98,35,7.07
43,Toamasina,MG,2021-12-18 05:55:54,-18.1667,49.3833,82.4,78,20,6.91
44,Saldanha,ZA,2021-12-18 05:55:54,-33.0117,17.9442,71.65,43,2,7.67
45,Bredasdorp,ZA,2021-12-18 05:55:55,-34.5322,20.0403,64.27,72,2,17.27
46,Kodiak,US,2021-12-18 05:55:55,57.79,-152.4072,31.1,71,100,5.88
47,Tasiilaq,GL,2021-12-18 05:56:55,65.6145,-37.6368,21.04,68,80,6.89
48,Punta Arenas,CL,2021-12-18 05:56:56,-53.15,-70.9167,48.31,81,40,3.44
49,Nago,JP,2021-12-18 05:56:56,26.5881,127.9761,64.47,60,90,15.03
50,Ulundi,ZA,2021-12-18 05:56:56,-28.3352,31.4162,58.75,80,84,3.47
51,Mehtar Lam,AF,2021-12-18 05:56:56,34.6714,70.2094,53.35,9,5,2.46
52,Usinsk,RU,2021-12-18 05:56:57,65.9939,57.5281,-12.39,90,34,9.86
53,Labuhan,ID,2021-12-18 05:56:57,-6.8844,112.2051,87.04,66,97,5.08
54,Vaini,TO,2021-12-18 05:56:57,-21.2,-175.2,84.36,79,20,9.22
55,Avarua,CK,2021-12-18 05:56:58,-21.2078,-159.775,78.85,83,75,6.91
56,Kapaa,US,2021-12-18 05:56:58,22.0752,-159.319,75.52,78,75,11.5
57,Aleppo,SY,2021-12-18 05:56:58,36.25,37.5,48.74,82,51,9.51
58,Angoche,MZ,2021-12-18 05:56:59,-16.2325,39.9086,85.53,59,100,5.44
59,Norman Wells,CA,2021-12-18 05:56:59,65.282,-126.8329,-14.76,70,90,4.61
60,Kapuskasing,CA,2021-12-18 05:57:00,49.4169,-82.4331,10.49,72,90,8.05
61,Lahaina,US,2021-12-18 05:56:25,20.8783,-156.6825,70.95,77,4,6.29
62,Airai,TL,2021-12-18 05:57:00,-8.9266,125.4092,75.15,62,74,2.66
63,Machaneng,BW,2021-12-18 05:57:00,-23.1862,27.4886,62.46,73,100,13.96
64,Zaozerne,UA,2021-12-18 05:57:01,45.1582,33.2787,35.94,79,99,13.82
65,Hovd,MN,2021-12-18 05:57:01,48.0056,91.6419,20.5,58,68,2.98
66,Beringovskiy,RU,2021-12-18 05:57:01,63.05,179.3167,-9.53,96,77,6.62
67,San Miguelito,PA,2021-12-18 05:57:02,9.0333,-79.5,81.55,88,20,3.0
68,Talnakh,RU,2021-12-18 05:57:02,69.4865,88.3972,-32.84,94,29,3.47
69,Mahebourg,MU,2021-12-18 05:57:02,-20.4081,57.7,83.25,69,40,11.5
70,Moroto,UG,2021-12-18 05:57:03,2.5345,34.6666,76.05,42,62,5.7
71,Arraial Do Cabo,BR,2021-12-18 05:53:22,-22.9661,-42.0278,74.66,88,77,10.94
72,Broome,US,2021-12-18 05:57:03,42.2506,-75.833,36.18,72,100,3.0
73,Vila Velha,BR,2021-12-18 05:57:03,-20.3297,-40.2925,75.94,92,0,2.3
74,Faanui,PF,2021-12-18 05:57:04,-16.4833,-151.75,81.28,69,26,14.2
75,Uige,AO,2021-12-18 05:57:04,-7.6087,15.0613,67.77,94,92,1.43
76,Khromtau,KZ,2021-12-18 05:57:04,50.2503,58.4347,24.21,91,99,7.63
77,West Bay,KY,2021-12-18 05:57:05,19.3667,-81.4167,80.01,85,32,3.0
78,Saint George,US,2021-12-18 05:57:05,37.1041,-113.5841,37.87,68,2,3.0
79,Manjacaze,MZ,2021-12-18 05:57:05,-24.7117,33.8828,70.9,66,100,12.84
80,Khatanga,RU,2021-12-18 05:57:06,71.9667,102.5,-40.14,100,65,4.12
81,Lebu,CL,2021-12-18 05:57:06,-37.6167,-73.65,53.01,92,7,9.51
82,Atuona,PF,2021-12-18 05:57:06,-9.8,-139.0333,78.08,72,9,9.31
83,Alofi,NU,2021-12-18 05:57:07,-19.0595,-169.9187,82.29,78,31,8.05
84,Ribeira Grande,PT,2021-12-18 05:57:07,38.5167,-28.7,59.5,50,99,8.97
85,El Alto,PE,2021-12-18 05:57:07,-4.2714,-81.2147,67.96,81,72,13.69
86,Tecoanapa,MX,2021-12-18 05:57:08,16.5167,-98.75,75.52,82,51,4.34
87,Grindavik,IS,2021-12-18 05:57:08,63.8424,-22.4338,44.55,100,90,5.75
88,Kaeo,NZ,2021-12-18 05:57:08,-35.1,173.7833,71.33,53,1,8.77
89,Atambua,ID,2021-12-18 05:57:09,-9.1061,124.8925,85.26,65,45,3.94
90,Qaanaaq,GL,2021-12-18 05:57:09,77.484,-69.3632,-12.28,80,57,7.47
91,Kismayo,SO,2021-12-18 05:57:09,-0.3582,42.5454,84.27,67,96,11.27
92,Nouadhibou,MR,2021-12-18 05:58:10,20.931,-17.0347,63.32,74,37,8.79
93,Wyszkow,PL,2021-12-18 05:58:10,52.5928,21.4584,37.17,96,49,7.36
94,Mola Di Bari,IT,2021-12-18 05:58:10,41.0609,17.0873,51.91,42,23,24.96
95,Cidreira,BR,2021-12-18 05:58:11,-30.1811,-50.2056,70.29,79,79,13.09
96,Torbay,CA,2021-12-18 05:58:11,47.6666,-52.7314,36.75,95,90,33.38
97,Kalabo,ZM,2021-12-18 05:58:11,-14.97,22.6814,67.17,92,100,2.46
98,Masuda,JP,2021-12-18 05:58:11,34.6667,131.85,46.35,52,75,14.97
99,Desaguadero,PE,2021-12-18 05:58:12,-16.5656,-69.0417,44.71,82,100,8.32
100,Victoria,HK,2021-12-18 05:56:32,22.2855,114.1577,73.18,59,100,3.0
101,Butaritari,KI,2021-12-18 05:58:12,3.0707,172.7902,82.4,78,71,18.63
102,Kahului,US,2021-12-18 05:58:13,20.8947,-156.47,70.97,94,15,7.36
103,Goderich,CA,2021-12-18 05:58:13,43.7501,-81.7165,32.92,74,100,2.3
104,Soyo,AO,2021-12-18 05:58:13,-6.1349,12.3689,74.53,86,99,3.44
105,Jalu,LY,2021-12-18 05:58:14,29.0331,21.5482,50.94,83,6,10.45
106,Nyandoma,RU,2021-12-18 05:58:14,61.669,40.1991,2.82,100,94,2.35
107,Port Shepstone,ZA,2021-12-18 05:58:14,-30.7414,30.455,64.8,66,100,8.86
108,Dingle,PH,2021-12-18 05:58:14,10.9995,122.6711,86.95,69,87,7.74
109,Port-Gentil,GA,2021-12-18 05:58:15,-0.7193,8.7815,78.76,94,20,0.0
110,Mar Del Plata,AR,2021-12-18 05:58:15,-38.0023,-57.5575,66.09,92,0,1.01
111,Mastic Beach,US,2021-12-18 05:58:15,40.7668,-72.8521,48.54,50,78,3.0
112,Huayang,CN,2021-12-18 05:58:16,34.4155,109.9939,35.29,26,89,8.86
113,Comodoro Rivadavia,AR,2021-12-18 05:58:16,-45.8667,-67.5,66.06,63,0,13.8
114,Zharkent,KZ,2021-12-18 05:58:16,44.1628,80.0,36.07,33,53,3.04
115,Port Alfred,ZA,2021-12-18 05:58:17,-33.5906,26.891,66.9,64,15,25.57
116,Provideniya,RU,2021-12-18 05:58:17,64.3833,-173.3,12.45,93,99,3.94
117,Burgeo,CA,2021-12-18 05:58:17,47.6167,-57.6152,35.11,78,100,30.36
118,Sao Filipe,CV,2021-12-18 05:58:18,14.8961,-24.4956,73.04,82,98,12.21
119,North Bend,US,2021-12-18 05:58:18,43.4065,-124.2243,45.86,100,99,6.82
120,Dabhol,IN,2021-12-18 05:58:18,17.6,73.1667,83.14,37,72,3.6
121,Acarau,BR,2021-12-18 05:58:19,-2.8856,-40.12,82.09,70,62,17.07
122,Sal Rei,CV,2021-12-18 05:58:19,16.1833,-22.9167,70.36,77,100,14.81
123,Vestmannaeyjar,IS,2021-12-18 05:58:19,63.4427,-20.2734,47.34,94,99,9.33
124,Egvekinot,RU,2021-12-18 05:58:20,66.3167,-179.1667,-17.79,88,61,11.77
125,Carnarvon,AU,2021-12-18 05:58:20,-24.8667,113.6333,80.67,50,0,20.71
126,Prince Rupert,CA,2021-12-18 05:53:57,54.3161,-130.3201,33.49,96,90,0.0
127,Ostrovnoy,RU,2021-12-18 05:58:21,68.0531,39.5131,16.3,90,75,11.72
128,Nerchinsk,RU,2021-12-18 05:58:21,51.9833,116.5833,-0.26,92,70,2.06
129,Cape Town,ZA,2021-12-18 05:58:21,-33.9258,18.4232,71.89,57,0,1.99
130,Longyearbyen,SJ,2021-12-18 05:58:22,78.2186,15.6401,31.84,69,75,21.85
131,Geraldton,AU,2021-12-18 05:58:22,-28.7667,114.6,76.12,43,40,12.66
132,Hambantota,LK,2021-12-18 05:58:22,6.1241,81.1185,84.54,84,40,3.44
133,Masumbwe,TZ,2021-12-18 05:58:22,-3.6333,32.1833,66.97,92,100,3.67
134,Fortuna,US,2021-12-18 05:58:23,40.5982,-124.1573,40.42,95,90,6.91
135,Mariana,BR,2021-12-18 05:59:23,-20.3778,-43.4161,67.32,98,99,1.28
136,Sistranda,NO,2021-12-18 05:58:34,63.7256,8.834,46.9,92,100,41.63
137,Saskylakh,RU,2021-12-18 05:59:23,71.9167,114.0833,-30.62,99,73,6.11
138,Vardo,NO,2021-12-18 05:59:24,70.3705,31.1107,30.9,95,100,17.65
139,Fraga,ES,2021-12-18 05:59:24,41.5229,0.3489,40.03,87,0,1.88
140,Hilo,US,2021-12-18 05:56:31,19.7297,-155.09,72.1,1,22,5.19
141,Okitipupa,NG,2021-12-18 05:59:25,6.5047,4.7839,68.49,65,84,3.42
142,Bluff,NZ,2021-12-18 05:59:25,-46.6,168.3333,57.79,71,99,24.96
143,Alyangula,AU,2021-12-18 05:59:25,-13.8483,136.4192,94.87,49,92,10.36
144,Verkhnyaya Inta,RU,2021-12-18 05:59:25,65.9811,60.3094,-10.57,82,12,8.48
145,Touros,BR,2021-12-18 05:59:26,-5.1989,-35.4608,79.7,75,27,14.36
146,Taree,AU,2021-12-18 05:59:26,-31.9,152.4667,90.57,58,71,14.97
147,College,US,2021-12-18 05:59:26,64.8569,-147.8028,9.9,84,100,2.64
148,Hermanus,ZA,2021-12-18 05:59:27,-34.4187,19.2345,67.89,65,25,17.45
149,Mata,PT,2021-12-18 05:59:27,40.683,-7.4592,40.84,75,39,3.98
150,Serramanna,IT,2021-12-18 05:59:27,39.4244,8.9244,45.63,86,0,2.75
151,Hofn,IS,2021-12-18 05:59:28,64.2539,-15.2082,43.63,89,100,6.26
152,Mount Gambier,AU,2021-12-18 05:59:28,-37.8333,140.7667,76.91,36,40,11.5
153,New Norfolk,AU,2021-12-18 05:59:28,-42.7826,147.0587,77.76,30,50,8.99
154,Gushi,CN,2021-12-18 05:59:28,34.6425,109.5843,49.23,23,84,10.58
155,Castelbuono,IT,2021-12-18 05:59:29,37.932,14.0886,50.61,79,51,9.17
156,Bethel,US,2021-12-18 05:59:29,41.3712,-73.414,45.91,65,77,4.56
157,Formosa Do Rio Preto,BR,2021-12-18 05:59:29,-11.0483,-45.1931,70.88,83,99,1.79
158,Sur,OM,2021-12-18 05:59:30,22.5667,59.5289,73.49,54,67,4.81
159,Coihaique,CL,2021-12-18 05:59:05,-45.5752,-72.0662,63.21,59,96,1.14
160,Okmulgee,US,2021-12-18 05:59:30,35.6234,-95.9605,53.78,100,90,8.05
161,Sabang,ID,2021-12-18 05:59:31,5.8933,95.3214,79.48,80,100,13.62
162,Nikolskoye,RU,2021-12-18 05:59:31,59.7035,30.7861,30.09,98,100,2.93
163,Champerico,GT,2021-12-18 05:59:31,14.3,-91.9167,80.04,81,0,5.01
164,La Rioja,ES,2021-12-18 05:58:19,42.25,-2.5,26.38,59,3,5.01
165,Baza,ES,2021-12-18 05:59:32,37.4907,-2.7726,46.74,85,95,5.01
166,Hobart,AU,2021-12-18 05:58:06,-42.8794,147.3294,78.12,33,54,5.01
167,Ilulissat,GL,2021-12-18 05:59:32,69.2167,-51.1,16.84,68,100,8.72
168,Chupaca,PE,2021-12-18 05:59:32,-12.0667,-75.2833,50.07,86,58,1.68
169,Chapais,CA,2021-12-18 05:59:33,49.7834,-74.8492,11.98,90,100,9.89
170,Tuktoyaktuk,CA,2021-12-18 05:59:33,69.4541,-133.0374,-13.0,77,90,3.44
171,Puerto Escondido,MX,2021-12-18 05:59:33,15.85,-97.0667,77.05,78,5,4.94
172,Chuy,UY,2021-12-18 05:59:34,-33.6971,-53.4616,61.65,78,35,7.09
173,Tateyama,JP,2021-12-18 05:59:34,34.9833,139.8667,49.01,33,77,1.95
174,Guerrero Negro,MX,2021-12-18 05:59:34,27.9769,-114.0611,60.67,58,11,6.46
175,Eureka,US,2021-12-18 05:55:02,40.8021,-124.1637,40.68,94,70,5.12
176,Tromso,NO,2021-12-18 05:59:35,69.6496,18.957,37.42,87,75,1.99
177,Itaituba,BR,2021-12-18 05:59:35,-4.2761,-55.9836,73.56,100,100,1.12
178,Pimentel,PE,2021-12-18 05:59:35,-6.8367,-79.9342,66.49,88,61,11.92
179,Kaitangata,NZ,2021-12-18 05:59:36,-46.2817,169.8464,59.94,52,99,11.59
180,Sao Joao Da Barra,BR,2021-12-18 05:59:36,-21.6403,-41.0511,72.79,96,100,3.15
181,Cairns,AU,2021-12-18 05:59:36,-16.9167,145.7667,89.06,67,40,21.85
182,Hamilton,US,2021-12-18 05:57:57,39.1834,-84.5333,44.11,95,90,1.01
183,Cabinda,AO,2021-12-18 05:59:37,-5.55,12.2,74.59,87,100,3.38
184,Ponta Do Sol,PT,2021-12-18 06:00:37,32.6667,-17.1,65.03,71,20,14.03
185,Dikson,RU,2021-12-18 06:00:37,73.5069,80.5464,-26.27,97,56,6.17
186,Non Thai,TH,2021-12-18 06:00:38,15.1981,102.0358,84.97,41,45,17.4
187,Dolores,AR,2021-12-18 06:00:38,-36.3132,-57.6792,59.99,88,0,5.99
188,Orange Park,US,2021-12-18 05:57:31,30.1661,-81.7065,67.95,91,90,0.0
189,Kununurra,AU,2021-12-18 06:00:39,-15.7667,128.7333,103.98,33,95,9.22
190,Clyde River,CA,2021-12-18 06:00:39,70.4692,-68.5914,-8.91,97,100,11.14
191,Nipawin,CA,2021-12-18 06:00:39,53.3668,-104.0009,-21.5,100,47,4.7
192,Batemans Bay,AU,2021-12-18 06:00:40,-35.7167,150.1833,92.91,76,85,16.55
193,Strezhevoy,RU,2021-12-18 06:00:40,60.7333,77.5889,-18.42,99,91,4.65
194,Mehamn,NO,2021-12-18 06:00:40,71.0357,27.8492,37.11,99,100,11.45
195,Lensk,RU,2021-12-18 06:00:41,60.7253,114.9278,-18.31,100,100,2.33
196,Sao Miguel Do Araguaia,BR,2021-12-18 06:00:41,-13.275,-50.1628,71.74,95,98,3.65
197,Sitka,US,2021-12-18 06:00:42,57.0531,-135.33,34.47,80,100,5.88
198,Manono,CD,2021-12-18 06:00:42,-7.3,27.4167,70.57,94,100,5.57
199,Pevek,RU,2021-12-18 06:00:42,69.7008,170.3133,-9.65,95,100,3.44
200,Narsaq,GL,2021-12-18 06:00:43,60.9167,-46.05,37.62,70,51,6.69
201,Sola,VU,2021-12-18 06:00:43,-13.8833,167.55,81.95,70,57,13.15
202,Tonosho,JP,2021-12-18 06:00:43,34.4833,134.1833,46.22,57,64,19.15
203,Brae,GB,2021-12-18 06:00:44,60.3964,-1.353,48.11,82,100,13.71
204,Luganville,VU,2021-12-18 06:00:44,-15.5333,167.1667,81.32,74,55,6.17
205,Bollnas,SE,2021-12-18 06:00:44,61.3482,16.3946,45.39,87,100,8.75
206,Les Cayes,HT,2021-12-18 06:00:45,18.2,-73.75,74.16,78,17,2.86
207,Praia Da Vitoria,PT,2021-12-18 06:00:45,38.7333,-27.0667,56.75,74,95,7.09
208,Port Lincoln,AU,2021-12-18 06:00:45,-34.7333,135.8667,71.71,53,1,5.03
209,Ginir,ET,2021-12-18 06:00:46,7.1333,40.7,68.14,45,84,8.55
210,Hasaki,JP,2021-12-18 06:00:46,35.7333,140.8333,46.29,35,26,24.56
211,Galesong,ID,2021-12-18 06:00:46,-5.3166,119.3661,89.62,69,65,8.5
212,Batticaloa,LK,2021-12-18 06:00:47,7.7102,81.6924,82.17,76,89,11.74
213,Kavieng,PG,2021-12-18 06:00:47,-2.5744,150.7967,83.01,74,95,1.63
214,Koroni,GR,2021-12-18 06:00:48,36.8,21.95,46.08,73,52,14.05
215,Buala,SB,2021-12-18 06:00:48,-8.145,159.5921,76.93,94,100,5.12
216,Lorengau,PG,2021-12-18 06:00:48,-2.0226,147.2712,77.83,89,100,9.1
217,Letterkenny,IE,2021-12-18 06:00:49,54.95,-7.7333,37.49,97,31,2.95
218,Waw,SS,2021-12-18 06:00:09,7.7029,27.9953,76.6,26,72,7.74
219,Padang,ID,2021-12-18 06:00:49,-0.9492,100.3543,75.25,97,100,11.88
220,Bayir,TR,2021-12-18 06:00:50,37.2687,28.2167,34.32,75,99,3.36
221,Itarema,BR,2021-12-18 06:00:50,-2.9248,-39.9167,82.04,69,63,16.26
222,Samarai,PG,2021-12-18 06:00:50,-10.6167,150.6667,83.08,73,100,7.74
223,Vila Franca Do Campo,PT,2021-12-18 06:00:50,37.7167,-25.4333,58.19,84,100,6.15
224,Sao Gabriel Da Cachoeira,BR,2021-12-18 06:00:40,-0.1303,-67.0892,74.3,97,100,1.45
225,Port Elizabeth,ZA,2021-12-18 06:00:51,-33.918,25.5701,67.1,63,0,18.34
226,Asosa,ET,2021-12-18 06:00:51,10.0667,34.5333,70.9,43,67,5.5
227,Saint Anthony,US,2021-12-18 06:00:18,45.0205,-93.218,19.65,80,90,1.99
228,Swan Hill,AU,2021-12-18 06:01:52,-35.3378,143.5544,101.44,15,7,16.67
229,Los Chiles,CR,2021-12-18 06:01:52,11.0333,-84.7167,71.65,98,26,2.98
230,Sterling,US,2021-12-18 05:59:49,39.0062,-77.4286,54.9,51,90,1.99
231,Aklavik,CA,2021-12-18 06:01:52,68.2191,-135.0107,-12.28,98,100,2.98
232,Bitung,ID,2021-12-18 06:01:53,1.4451,125.1824,86.85,73,67,8.48
233,Te Anau,NZ,2021-12-18 06:00:36,-45.4167,167.7167,57.78,57,97,6.71
234,Marawi,PH,2021-12-18 06:01:53,7.9986,124.2928,76.64,63,30,5.95
235,Sisimiut,GL,2021-12-18 06:01:53,66.9395,-53.6735,15.53,65,100,9.48
236,Hithadhoo,MV,2021-12-18 06:01:54,-0.6,73.0833,82.81,73,75,6.17
237,Souillac,MU,2021-12-18 06:01:54,-20.5167,57.5167,84.58,65,20,12.66
238,Khani,GE,2021-12-18 06:01:54,41.9563,42.9566,36.97,70,100,0.83
239,Hualmay,PE,2021-12-18 06:01:55,-11.0964,-77.6139,66.69,89,32,8.3
240,Nanortalik,GL,2021-12-18 06:01:55,60.1432,-45.2371,28.13,60,67,12.46
241,Kanniyakumari,IN,2021-12-18 06:01:55,8.0833,77.5667,82.81,59,38,18.37
242,Upernavik,GL,2021-12-18 06:01:56,72.7868,-56.1549,13.57,65,100,7.14
243,Chabahar,IR,2021-12-18 06:01:56,25.2919,60.643,70.54,47,96,4.52
244,Pilar,BR,2021-12-18 06:01:56,-9.5972,-35.9567,73.72,88,17,5.53
245,Tuatapere,NZ,2021-12-18 06:01:56,-46.1333,167.6833,57.81,54,92,7.43
246,Pangnirtung,CA,2021-12-18 06:01:57,66.1451,-65.7125,25.61,76,100,16.58
247,Leningradskiy,RU,2021-12-18 06:01:57,69.3833,178.4167,-21.35,97,96,4.52
248,Lewistown,US,2021-12-18 06:01:57,40.5992,-77.5714,43.66,82,90,0.0
249,Asau,RO,2021-12-18 06:01:58,46.4333,26.4,33.76,95,99,6.93
250,Deniliquin,AU,2021-12-18 06:01:58,-35.5333,144.9667,100.99,13,37,21.07
251,Fairbanks,US,2021-12-18 06:00:31,64.8378,-147.7164,10.92,83,100,2.62
252,Thompson,CA,2021-12-18 06:01:58,55.7435,-97.8558,-9.2,97,100,4.54
253,Acari,PE,2021-12-18 06:01:59,-15.4311,-74.6158,68.72,81,84,4.38
254,Hervey Bay,AU,2021-12-18 06:01:59,-25.2986,152.8535,85.03,57,10,5.01
255,Chekhov,RU,2021-12-18 06:01:59,55.1431,37.4711,31.08,95,100,6.31
256,Yumen,CN,2021-12-18 06:02:00,40.2833,97.2,30.79,28,0,25.93
257,Dhidhdhoo,MV,2021-12-18 06:02:00,6.8833,73.1,82.35,71,29,8.37
258,Bako,ET,2021-12-18 06:02:00,5.7833,36.5667,76.53,43,63,0.63
259,Dutlwe,BW,2021-12-18 06:02:01,-23.9833,23.9,61.11,90,100,21.16
260,Umm Kaddadah,SD,2021-12-18 06:02:01,13.6017,26.6876,60.01,33,31,19.01
261,Qandala,SO,2021-12-18 06:02:01,11.472,49.8728,76.73,63,48,7.56
262,Gouyave,GD,2021-12-18 06:02:02,12.1646,-61.7296,78.39,77,62,22.97
263,Metro,ID,2021-12-18 06:02:02,-5.1131,105.3067,88.03,63,98,6.73
264,Manokwari,ID,2021-12-18 06:02:02,-0.8667,134.0833,85.48,68,80,9.33
265,Bealanana,MG,2021-12-18 06:02:03,-14.55,48.7333,77.77,62,16,1.21
266,Ilhabela,BR,2021-12-18 06:02:03,-23.7781,-45.3581,74.1,89,49,5.59
267,Irricana,CA,2021-12-18 06:02:03,51.3237,-113.6048,9.16,90,38,6.98
268,Cleveland,US,2021-12-18 05:57:46,41.4995,-81.6954,39.67,82,90,8.05
269,Kiunga,PG,2021-12-18 06:02:04,-6.1219,141.2906,77.27,95,100,3.42
270,Iqaluit,CA,2021-12-18 06:00:21,63.7506,-68.5145,29.93,92,90,27.0
271,Cayenne,GF,2021-12-18 06:02:04,4.9333,-52.3333,80.1,86,75,3.0
272,Antofagasta,CL,2021-12-18 06:01:51,-23.65,-70.4,63.52,86,81,6.85
273,Sangar,RU,2021-12-18 06:02:05,63.9242,127.4739,-25.1,96,100,3.0
274,Port Hardy,CA,2021-12-18 06:00:22,50.6996,-127.4199,37.42,91,100,30.71
275,Shipunovo,RU,2021-12-18 06:02:05,52.1582,82.2173,23.9,80,100,19.04
276,Klaksvik,FO,2021-12-18 06:03:05,62.2266,-6.589,47.32,80,100,14.41
277,Fort Walton Beach,US,2021-12-18 06:03:06,30.4058,-86.6188,72.25,93,90,3.0
278,Pisco,PE,2021-12-18 06:03:06,-13.7,-76.2167,67.01,88,0,1.14
279,Sainte-Maxime,FR,2021-12-18 06:03:06,43.3,6.6333,51.96,69,0,6.24
280,Scarborough,GB,2021-12-18 05:59:35,54.2797,-0.4044,38.16,94,52,1.01
281,Cap Malheureux,MU,2021-12-18 06:03:07,-19.9842,57.6142,84.69,59,6,5.99
282,Grand Gaube,MU,2021-12-18 06:03:07,-20.0064,57.6608,84.6,59,6,5.99
283,Axim,GH,2021-12-18 06:03:07,4.8699,-2.2405,78.17,86,24,6.98
284,Panguna,PG,2021-12-18 06:03:08,-6.3164,155.4848,71.06,98,100,4.03
285,Port Hedland,AU,2021-12-18 06:03:08,-20.3167,118.5667,102.25,25,1,21.85
286,Acajutla,SV,2021-12-18 06:03:08,13.5928,-89.8275,79.86,73,33,5.75
287,Aurillac,FR,2021-12-18 06:02:45,44.9167,2.45,38.01,80,0,3.44
288,Araouane,ML,2021-12-18 06:03:09,18.9048,-3.5265,68.7,21,75,11.56
289,Minbu,MM,2021-12-18 06:03:09,20.1833,94.8833,81.3,35,0,6.08
290,Chahal,GT,2021-12-18 06:03:09,15.75,-89.5667,68.79,99,27,2.06
291,San Cristobal,VE,2021-12-18 06:03:10,7.7669,-72.225,65.1,94,94,1.36
292,Zhuhai,CN,2021-12-18 06:03:10,22.2769,113.5678,71.91,59,20,19.57
293,Aksu,CN,2021-12-18 06:03:10,41.1231,80.2644,30.25,39,5,0.72
294,Burgos,ES,2021-12-18 06:03:11,42.3394,-3.7079,25.21,100,75,8.05
295,Bima,ID,2021-12-18 06:03:11,-8.4667,118.7167,89.53,66,90,3.11
296,Vila Do Maio,CV,2021-12-18 06:03:11,15.1333,-23.2167,72.39,80,100,16.6
297,Inta,RU,2021-12-18 06:03:12,66.0317,60.1659,-11.38,83,11,8.05
298,Bichura,RU,2021-12-18 06:03:12,50.5881,107.6022,11.12,72,70,3.36
299,Yulara,AU,2021-12-18 06:03:12,-25.2406,130.9889,108.77,10,2,4.99
300,Korla,CN,2021-12-18 06:03:13,41.7597,86.1469,28.15,48,8,8.79
301,Beniganj,IN,2021-12-18 06:03:13,27.2833,80.45,63.7,26,0,12.17
302,Kiruna,SE,2021-12-18 05:59:14,67.8557,20.2251,34.72,87,90,14.97
303,Marzuq,YE,2021-12-18 06:03:13,14.4,46.4667,69.73,42,5,2.64
304,Vista Hermosa,MX,2021-12-18 06:03:14,19.5167,-99.2167,61.56,56,75,8.05
305,Lompoc,US,2021-12-18 06:03:14,34.6391,-120.4579,51.57,89,1,6.91
306,Urumqi,CN,2021-12-18 06:03:14,43.801,87.6005,9.55,92,90,4.47
307,Voyvozh,RU,2021-12-18 06:03:14,62.892,54.9635,5.31,94,100,5.95
308,Rio Gallegos,AR,2021-12-18 06:01:50,-51.6226,-69.2181,50.74,78,1,3.44
309,Port Moresby,PG,2021-12-18 05:59:34,-9.4431,147.1797,80.02,89,75,9.22
310,Anadyr,RU,2021-12-18 06:03:15,64.75,177.4833,-19.7,75,20,8.95
311,Castro,BR,2021-12-18 06:01:23,-24.7911,-50.0119,63.36,93,92,7.74
312,Whitley Bay,GB,2021-12-18 06:02:14,55.0397,-1.4471,37.09,100,90,3.44
313,Pokhara,NP,2021-12-18 06:03:16,28.2333,83.9833,65.55,37,61,5.93
314,Sabla,NG,2021-12-18 06:03:16,12.7525,4.7077,63.14,25,51,11.07
315,Sao Jose Da Coroa Grande,BR,2021-12-18 06:03:16,-8.8978,-35.1478,77.76,81,23,9.46
316,Flinders,AU,2021-12-18 06:03:17,-34.5833,150.8552,89.26,74,99,13.15
317,Yagodnoye,RU,2021-12-18 06:03:17,62.55,149.6667,-37.77,100,96,3.02
318,Zagora,MA,2021-12-18 06:03:17,30.3484,-5.8365,48.45,54,8,4.7
319,Sanary-Sur-Mer,FR,2021-12-18 06:03:18,43.1178,5.8001,51.89,54,0,10.04
320,Zhanaozen,KZ,2021-12-18 06:04:18,43.3,52.8,47.16,82,100,12.82
321,Sept-Iles,CA,2021-12-18 06:04:18,50.2001,-66.3821,26.06,79,78,11.99
322,Bhanpura,IN,2021-12-18 06:04:19,24.513,75.7469,62.85,25,0,10.31
323,Terrace Bay,CA,2021-12-18 06:04:19,48.7834,-87.1,13.48,77,84,6.91
324,Elliot,ZA,2021-12-18 06:04:19,-31.3333,27.85,56.25,70,100,1.23
325,Udachnyy,RU,2021-12-18 06:04:20,66.4167,112.4,-24.23,97,100,4.43
326,Vila,PT,2021-12-18 06:04:20,42.0304,-8.1588,40.93,63,42,3.4
327,Ust-Ilimsk,RU,2021-12-18 06:04:20,58.0006,102.6619,8.64,92,100,6.06
328,Astoria,US,2021-12-18 06:04:21,46.1879,-123.8313,43.86,93,90,3.0
329,Gamovo,RU,2021-12-18 06:04:21,57.8652,56.1056,26.22,86,90,4.47
330,Samsun,TR,2021-12-18 06:03:36,41.25,36.3333,48.99,62,75,13.8
331,Lyubashivka,UA,2021-12-18 06:04:21,47.8372,30.2598,32.02,87,97,13.38
332,Pangody,RU,2021-12-18 06:04:22,65.85,74.4859,-38.97,100,18,4.03
333,Neuquen,AR,2021-12-18 06:00:36,-38.9516,-68.0591,68.9,26,2,13.73
334,Ponta Delgada,PT,2021-12-18 06:04:22,37.7333,-25.6667,58.5,76,20,6.91
335,Ko Samui,TH,2021-12-18 06:04:23,9.5357,99.9357,82.4,74,86,11.01
336,Guangyuan,CN,2021-12-18 06:04:23,32.442,105.823,51.46,33,91,2.42
337,Jerome,US,2021-12-18 06:04:23,42.7241,-114.5186,22.55,87,1,5.75
338,Bozova,TR,2021-12-18 06:04:23,37.3625,38.5267,47.39,88,91,13.98
339,Guaranda,EC,2021-12-18 06:04:24,-1.6,-79.0,55.27,89,98,1.83
340,Nemuro,JP,2021-12-18 06:04:24,43.3236,145.575,24.96,56,90,27.69
341,San Roque,ES,2021-12-18 06:04:24,36.2107,-5.3842,58.03,77,40,20.71
342,Pangai,TO,2021-12-18 06:04:25,-19.8,-174.35,82.51,78,20,5.75
343,Taltal,CL,2021-12-18 06:01:09,-25.4,-70.4833,63.9,81,35,1.48
344,Gat,IL,2021-12-18 06:04:25,31.61,34.7642,53.78,100,23,12.62
345,Manggar,ID,2021-12-18 06:04:25,-2.8833,108.2667,87.33,65,99,9.93
346,Altay,CN,2021-12-18 06:04:26,47.8667,88.1167,20.05,74,62,2.04
347,Dwarka,IN,2021-12-18 06:04:26,22.2394,68.9678,72.27,41,0,19.42
348,Jalingo,NG,2021-12-18 06:04:26,8.8833,11.3667,68.31,35,63,4.85
349,Skopelos,GR,2021-12-18 06:04:27,39.1247,23.7247,48.4,65,100,36.39
350,Esmeraldas,BR,2021-12-18 06:04:27,-19.7625,-44.3139,70.66,97,100,1.12
351,Salalah,OM,2021-12-18 06:04:27,17.0151,54.0924,78.89,47,75,4.61
352,Fare,PF,2021-12-18 06:04:28,-16.7,-151.0167,81.14,70,46,14.52
353,Omboue,GA,2021-12-18 06:04:28,-1.5746,9.2618,75.61,92,98,4.41
354,Karasjok,NO,2021-12-18 06:04:28,69.4719,25.5112,32.11,93,86,13.76
355,Dzhebariki-Khaya,RU,2021-12-18 06:04:29,62.2167,135.8,-40.47,97,92,1.19
356,Kruisfontein,ZA,2021-12-18 06:04:29,-34.0033,24.7314,64.89,62,0,11.48
357,Kralendijk,BQ,2021-12-18 06:04:29,12.15,-68.2667,76.98,83,90,20.71
358,Bam,IR,2021-12-18 06:04:30,29.106,58.357,61.92,18,83,2.42
359,Warri,NG,2021-12-18 06:00:22,5.5167,5.75,71.13,38,54,4.12
360,Coolum Beach,AU,2021-12-18 06:04:30,-26.5333,153.1,82.11,67,31,9.33
361,Kieta,PG,2021-12-18 06:04:30,-6.2167,155.6333,78.85,93,100,4.41
362,Chik,RU,2021-12-18 06:04:31,54.9928,82.4311,27.18,92,75,11.18
363,Carutapera,BR,2021-12-18 06:04:31,-1.195,-46.02,78.08,83,98,6.29
364,Bengkulu,ID,2021-12-18 06:04:31,-3.8004,102.2655,82.45,79,81,12.06
365,Bathsheba,BB,2021-12-18 06:05:32,13.2167,-59.5167,79.41,69,75,24.16
366,Isangel,VU,2021-12-18 06:05:32,-19.55,169.2667,78.91,89,90,0.0
367,Kudahuvadhoo,MV,2021-12-18 06:05:32,2.6708,72.8944,83.03,74,56,12.93
368,Ixtapa,MX,2021-12-18 06:05:33,20.7,-105.2,72.23,88,1,0.0
369,Karratha,AU,2021-12-18 06:05:33,-20.7377,116.8463,100.83,27,0,19.24
370,Coquimbo,CL,2021-12-18 06:01:38,-29.9533,-71.3436,61.11,81,0,2.3
371,Saint-Francois,FR,2021-12-18 06:05:33,46.4154,3.9054,36.84,87,90,6.91
372,Ambon,ID,2021-12-18 06:05:34,-3.6954,128.1814,84.83,66,97,1.63
373,Severo-Kurilsk,RU,2021-12-18 06:05:34,50.6789,156.125,28.18,69,100,13.09
374,Ahuimanu,US,2021-12-18 06:05:34,21.4447,-157.8378,74.91,81,90,9.22
375,Toora-Khem,RU,2021-12-18 06:05:35,52.4675,96.11,18.91,81,100,3.53
376,Kavaratti,IN,2021-12-18 06:05:35,10.5669,72.642,82.9,66,91,10.07
377,Constitucion,CL,2021-12-18 06:03:17,-35.3333,-72.4167,53.62,85,0,8.41
378,Acopiara,BR,2021-12-18 06:04:23,-6.0953,-39.4525,76.55,73,51,5.48
379,Lohne,DE,2021-12-18 06:05:36,52.6667,8.2333,44.13,91,100,3.0
380,Ibra,OM,2021-12-18 06:05:36,22.6906,58.5334,69.19,46,63,1.63
381,Castro Daire,PT,2021-12-18 06:05:36,40.8984,-7.9338,40.26,70,22,4.9
382,Adelaide,AU,2021-12-18 06:05:35,-34.9333,138.6,91.56,31,0,8.05
383,Gudari,IN,2021-12-18 06:05:37,19.35,83.7833,78.22,39,17,2.3
384,Douglas,US,2021-12-18 06:05:37,41.3,-96.167,30.51,80,1,4.61
385,Bukachacha,RU,2021-12-18 06:05:37,52.9833,116.9167,-2.74,85,87,3.15
386,Buturlino,RU,2021-12-18 06:05:38,55.5667,44.8974,27.45,98,100,3.02
387,Sampit,ID,2021-12-18 06:05:38,-2.5333,112.95,84.96,78,93,1.72
388,Port Macquarie,AU,2021-12-18 06:05:39,-31.4333,152.9167,84.16,71,51,15.08
389,Pochutla,MX,2021-12-18 06:05:39,15.7432,-96.4661,73.81,75,1,4.0
390,Tilichiki,RU,2021-12-18 06:05:39,60.4667,166.1,-8.19,98,100,7.18
391,Richards Bay,ZA,2021-12-18 06:05:39,-28.783,32.0377,66.51,63,92,5.5
392,Ust-Barguzin,RU,2021-12-18 06:05:40,53.45,108.9833,16.0,86,100,5.48
393,Ust-Kuyga,RU,2021-12-18 06:05:40,70.0167,135.6,-46.46,100,97,1.03
394,Teyateyaneng,LS,2021-12-18 06:05:40,-29.1472,27.7489,52.27,74,100,2.86
395,Svetlaya,RU,2021-12-18 06:05:41,46.5389,138.3297,5.68,56,2,9.13
396,Sestri Levante,IT,2021-12-18 06:05:41,44.2732,9.3968,52.95,83,3,5.61
397,Shaoyang,CN,2021-12-18 06:05:41,27.2315,111.4525,53.85,22,18,5.88
398,Avera,US,2021-12-18 06:05:42,33.194,-82.5271,62.71,94,100,4.27
399,Fayaoue,NC,2021-12-18 06:05:42,-20.65,166.5333,79.16,69,64,23.38
400,Gull Lake,CA,2021-12-18 06:05:42,50.1001,-108.4847,-4.74,87,7,7.49
401,Tura,IN,2021-12-18 06:05:42,25.5198,90.2201,74.3,44,50,2.91
402,Vanimo,PG,2021-12-18 06:05:43,-2.6741,141.3028,79.38,88,100,10.87
403,Zhezkazgan,KZ,2021-12-18 06:05:43,47.8043,67.7144,21.18,86,90,8.95
404,Sarkand,KZ,2021-12-18 06:05:43,45.41,79.9186,37.6,77,50,3.69
405,Shimoda,JP,2021-12-18 06:05:44,34.6667,138.95,42.1,42,1,15.97
406,Ila,NO,2021-12-18 06:05:44,63.4305,10.3705,49.5,92,100,5.01
407,Pala,TD,2021-12-18 06:05:44,9.3642,14.9046,65.3,32,92,7.09
408,Luangwa,ZM,2021-12-18 06:06:45,-15.6167,30.4167,73.69,89,100,4.14
409,Gravdal,NO,2021-12-18 06:06:45,68.1214,13.5031,41.61,78,100,29.19
410,Saint-Pierre,RE,2021-12-18 06:06:45,-21.3393,55.4781,85.57,63,0,5.75
411,Esmeralda,CU,2021-12-18 06:06:46,21.8525,-78.1169,72.64,92,28,7.31
412,Terra Santa,BR,2021-12-18 06:06:46,-2.1042,-56.4869,75.65,92,99,2.82
413,Deputatskiy,RU,2021-12-18 06:06:46,69.3,139.9,-35.14,99,91,3.65
414,Honiara,SB,2021-12-18 06:06:47,-9.4333,159.95,79.38,90,99,2.8
415,Saurimo,AO,2021-12-18 06:06:47,-9.6608,20.3916,66.72,90,98,1.41
416,Young,UY,2021-12-18 06:06:47,-32.6833,-57.6333,61.2,80,1,8.12
417,Otjimbingwe,NA,2021-12-18 06:06:47,-22.35,16.1333,71.35,21,46,1.21
418,Fairmont,US,2021-12-18 06:06:48,39.4851,-80.1426,43.38,97,100,1.48
419,Yerbogachen,RU,2021-12-18 06:06:48,61.2767,108.0108,-25.26,98,100,3.76
420,Odweyne,SO,2021-12-18 06:06:48,9.4092,45.064,70.83,62,46,2.42
421,Wanning,CN,2021-12-18 06:06:49,18.8003,110.3967,70.7,74,99,18.84
422,Pringsewu,ID,2021-12-18 06:06:49,-5.3582,104.9744,85.35,73,100,6.04
423,Zaranj,AF,2021-12-18 06:06:49,30.9667,61.8833,42.76,13,2,3.02
424,Komsomolskiy,UZ,2021-12-18 06:06:50,40.4272,71.7189,41.72,38,8,0.0
425,Husavik,IS,2021-12-18 06:06:50,66.0449,-17.3389,36.72,98,99,3.38
426,Anzio,IT,2021-12-18 06:06:50,41.4853,12.6179,45.1,63,1,6.35
427,Lujan,AR,2021-12-18 06:06:51,-34.5703,-59.105,71.98,79,0,1.99
428,Avallon,FR,2021-12-18 06:06:51,47.4833,3.9,33.19,78,0,4.59
429,Alice Springs,AU,2021-12-18 06:06:51,-23.7,133.8833,107.15,12,39,5.75
430,Burnie,AU,2021-12-18 06:06:51,-41.0667,145.9167,72.3,41,67,12.48
431,Sioux Lookout,CA,2021-12-18 06:06:52,50.1001,-91.917,7.18,98,100,1.48
432,Lasa,IT,2021-12-18 06:06:52,46.6166,10.7002,32.36,64,16,6.49
433,Tiarei,PF,2021-12-18 06:06:52,-17.5333,-149.3333,80.62,75,58,16.69
434,Fort Nelson,CA,2021-12-18 06:06:53,58.8053,-122.7002,-17.19,99,83,0.85
435,Newport,GB,2021-12-18 06:06:53,51.5877,-2.9984,46.85,93,88,14.07
436,Katsuura,JP,2021-12-18 06:06:53,35.1333,140.3,49.1,35,10,9.35
437,Richmond,US,2021-12-18 06:02:47,37.5538,-77.4603,60.19,69,90,4.61
438,Yar-Sale,RU,2021-12-18 06:06:54,66.8333,70.8333,-27.17,99,35,5.59
439,Cabedelo,BR,2021-12-18 06:06:54,-6.9811,-34.8339,79.47,79,13,12.57
440,Cherskiy,RU,2021-12-18 06:06:54,68.75,161.3,-34.24,100,97,4.43
441,Seminole,US,2021-12-18 06:06:55,28.7086,-81.2081,69.08,92,1,0.0
442,Yelizavetino,RU,2021-12-18 06:06:55,59.4916,29.7938,28.96,97,100,6.08
443,Fontem,CM,2021-12-18 06:06:55,5.4685,9.8818,65.77,70,71,3.51
444,Billings,US,2021-12-18 06:06:55,45.7833,-108.5007,6.51,78,5,1.01
445,Luderitz,NA,2021-12-18 06:06:56,-26.6481,15.1594,63.25,81,54,17.47
446,Kyrksaeterora,NO,2021-12-18 06:06:56,63.2906,9.0891,49.55,96,100,30.49
447,Shingu,JP,2021-12-18 06:06:56,33.7333,135.9833,44.74,52,56,11.45
448,Liling,CN,2021-12-18 06:06:57,27.6667,113.5,56.77,26,9,3.76
449,Itamaraju,BR,2021-12-18 06:06:57,-17.0392,-39.5311,70.2,97,84,4.43
450,Rivadavia,AR,2021-12-18 06:06:57,-33.1905,-68.4608,77.32,47,56,12.01
451,Soure,BR,2021-12-18 06:06:58,-0.7167,-48.5233,80.46,81,84,10.85
452,Las Conchas,AR,2021-12-18 06:06:58,-25.9948,-65.8276,68.22,69,94,4.79
453,Sibolga,ID,2021-12-18 06:06:58,1.7427,98.7792,76.53,91,100,1.36
454,Jandaia Do Sul,BR,2021-12-18 06:06:59,-23.6031,-51.6433,68.83,85,0,10.92
455,Melenki,RU,2021-12-18 06:06:59,55.3343,41.6295,23.25,96,100,5.97
456,Baykit,RU,2021-12-18 06:07:59,61.67,96.37,-21.17,94,56,3.22
457,Nybro,SE,2021-12-18 06:08:00,56.7446,15.9071,42.24,83,47,8.93
458,Swellendam,ZA,2021-12-18 06:08:00,-34.0226,20.4417,67.21,47,0,4.27
459,Silchar,IN,2021-12-18 06:08:00,24.8167,92.8,74.8,47,93,0.96
460,Sovetskiy,RU,2021-12-18 06:08:01,61.3614,63.5842,2.64,94,100,3.83
461,Namibe,AO,2021-12-18 06:08:01,-15.1961,12.1522,68.56,68,76,6.53
462,Caravelas,BR,2021-12-18 06:08:01,-17.7125,-39.2481,75.24,90,100,6.89
463,Presidencia Roque Saenz Pena,AR,2021-12-18 06:03:27,-26.7852,-60.4388,68.13,61,19,6.15
464,Lyuban,BY,2021-12-18 06:08:02,52.7985,28.0048,32.59,83,100,7.2
465,Goure,NE,2021-12-18 06:08:02,13.9835,10.2704,61.02,30,32,10.0
466,Parkes,AU,2021-12-18 06:08:02,-33.1333,148.1833,93.34,32,88,1.99
467,Baruun-Urt,MN,2021-12-18 06:08:02,46.6806,113.2792,7.36,70,5,15.5
468,Boyolangu,ID,2021-12-18 06:08:03,-8.1181,111.8935,84.22,77,100,7.81
469,Gevrai,IN,2021-12-18 06:08:03,19.2667,75.75,76.48,36,19,8.68
470,Barhi,IN,2021-12-18 06:08:03,23.9,80.8,66.76,27,16,6.6
471,Abnub,EG,2021-12-18 06:08:04,27.2696,31.1511,52.88,59,27,6.46
472,Lata,PT,2021-12-18 06:08:04,40.1629,-8.3327,50.81,73,15,5.19
473,Abu Dhabi,AE,2021-12-18 06:07:08,24.4667,54.3667,73.51,58,0,3.0
474,Mabaruma,GY,2021-12-18 06:08:05,8.2,-59.7833,72.68,99,89,1.77
475,Aloleng,PH,2021-12-18 06:08:05,16.1307,119.7824,86.74,60,100,19.8
476,Victoria Point,AU,2021-12-18 06:06:09,-27.5833,153.3,86.52,66,23,3.0
477,Kodinsk,RU,2021-12-18 06:08:05,58.6881,99.1844,2.48,92,100,5.79
478,Dunedin,NZ,2021-12-18 06:07:40,-45.8742,170.5036,61.81,50,94,13.13
479,Vsetaty,CZ,2021-12-18 06:08:06,50.2819,14.593,40.1,87,63,3.15
480,Arona,ES,2021-12-18 06:08:06,28.0996,-16.681,59.4,61,0,6.91
481,Maua,BR,2021-12-18 06:08:06,-23.6678,-46.4614,71.37,92,94,4.45
482,Rio Grande,BR,2021-12-18 06:08:07,-32.035,-52.0986,67.95,67,34,12.88
483,Tarnos,FR,2021-12-18 06:08:07,43.5417,-1.4628,49.75,92,0,3.44
484,Dubbo,AU,2021-12-18 06:08:07,-32.25,148.6167,93.33,36,96,16.11
485,Marsa Matruh,EG,2021-12-18 06:08:08,31.3525,27.2453,54.57,77,15,17.6
486,Tibiao,PH,2021-12-18 06:08:08,11.2915,122.0354,84.94,69,90,7.29
487,Zyryanka,RU,2021-12-18 06:08:08,65.75,150.85,-39.89,99,96,6.73
488,Vera Cruz,BR,2021-12-18 06:08:09,-12.6333,-41.0333,67.1,97,96,0.92
489,Broken Hill,AU,2021-12-18 06:08:09,-31.95,141.4333,106.34,10,15,19.24
490,Dongning,CN,2021-12-18 06:08:09,44.0622,131.1207,15.13,65,2,1.88
491,Kedrovyy,RU,2021-12-18 06:08:09,56.1667,91.8167,25.21,94,100,10.94
492,Nioro,GM,2021-12-18 06:08:10,13.35,-15.75,74.12,33,90,6.58
493,Beyla,GN,2021-12-18 06:08:10,8.6833,-8.6333,66.72,25,88,1.81
494,Naze,JP,2021-12-18 06:08:10,28.3667,129.4833,54.55,66,96,15.19
495,Tulun,RU,2021-12-18 06:08:11,54.5611,100.5792,26.15,70,100,16.53
496,Huckeswagen,DE,2021-12-18 06:08:11,51.15,7.35,44.82,93,90,2.3
497,Gidam,IN,2021-12-18 06:08:11,18.9833,81.4,77.54,32,2,6.17
498,Marsabit,KE,2021-12-18 06:08:12,2.3284,37.9899,66.54,79,100,13.2
499,Petropavl,KZ,2021-12-18 06:08:12,54.8753,69.1628,22.98,93,90,0.0
500,Peniche,PT,2021-12-18 06:08:12,39.3558,-9.3811,50.94,80,87,16.58
501,Bo Phloi,TH,2021-12-18 06:08:12,14.3236,99.5161,84.29,47,97,16.8
502,Tautira,PF,2021-12-18 06:09:13,-17.7333,-149.15,80.62,76,87,15.77
503,Monte Santo,BR,2021-12-18 06:09:13,-10.4378,-39.3328,68.14,94,81,2.86
504,Penzance,GB,2021-12-18 06:09:13,50.1186,-5.5371,50.77,85,48,26.51
505,Mandera,KE,2021-12-18 06:09:14,3.9366,41.867,85.26,51,98,11.05
506,Dicabisagan,PH,2021-12-18 06:09:14,17.0818,122.4157,76.37,92,100,15.48
507,Tual,ID,2021-12-18 06:09:14,-5.6667,132.75,83.98,69,93,3.31
508,Mali,GN,2021-12-18 06:09:15,12.079,-12.2982,61.47,25,79,3.22
509,Olafsvik,IS,2021-12-18 06:09:15,64.8945,-23.7142,40.33,85,100,5.82
510,Muros,ES,2021-12-18 06:09:15,42.7762,-9.0603,51.84,68,1,5.41
511,Neustrelitz,DE,2021-12-18 06:09:16,53.3667,13.0833,42.13,96,100,5.17
512,Bafoulabe,ML,2021-12-18 06:05:12,13.8065,-10.8321,76.55,22,42,2.48
513,Gari,RU,2021-12-18 06:09:16,59.4307,62.3497,7.39,94,99,3.29
514,Camana,PE,2021-12-18 06:09:16,-16.6228,-72.7111,67.71,84,93,8.28
515,Butembo,CD,2021-12-18 06:09:17,0.15,29.2833,65.55,81,78,0.87
516,Mahajanga,MG,2021-12-18 06:09:17,-15.7167,46.3167,87.82,62,20,5.75
517,Humaita,BR,2021-12-18 06:09:17,-7.5061,-63.0208,72.77,99,100,1.88
518,Riachao Do Jacuipe,BR,2021-12-18 06:09:18,-11.8069,-39.3856,70.5,95,100,2.37
519,Menomonie,US,2021-12-18 06:09:18,44.8755,-91.9193,20.52,87,100,5.77
520,Zlotoryja,PL,2021-12-18 06:09:18,51.1264,15.9198,39.38,85,100,10.18
521,Terpinnya,UA,2021-12-18 06:09:19,46.9697,35.4197,35.83,70,99,12.88
522,Raudeberg,NO,2021-12-18 06:09:19,61.9875,5.1352,47.19,96,100,5.01
523,Aswan,EG,2021-12-18 06:09:19,24.0934,32.907,56.44,53,100,10.4
524,Taksimo,RU,2021-12-18 06:09:20,56.3444,114.8794,-9.85,94,99,1.92
525,Cockburn Town,TC,2021-12-18 06:09:20,21.4612,-71.1419,79.12,75,0,26.51
526,Boende,CD,2021-12-18 06:09:20,-0.2167,20.8667,75.16,81,97,3.44
527,Teya,RU,2021-12-18 06:09:21,60.3778,92.6267,0.09,95,100,2.98
528,Marang,MY,2021-12-18 06:09:21,5.2056,103.2059,78.06,86,100,10.74
529,La Ronge,CA,2021-12-18 06:09:21,55.1001,-105.2842,-23.6,100,62,2.68
530,Lloydminster,CA,2021-12-18 06:09:22,53.2835,-110.0016,-18.18,76,1,10.36
531,Pemba,MZ,2021-12-18 06:09:22,-12.974,40.5178,80.4,71,99,4.99
532,Mafeteng,LS,2021-12-18 06:09:17,-29.823,27.2374,54.81,72,100,4.43
533,Yanliang,CN,2021-12-18 06:09:22,34.6592,109.2292,49.75,22,88,8.72
534,Bobo Dioulasso,BF,2021-12-18 06:09:23,11.1771,-4.2979,68.77,20,54,6.31
535,Bhavnagar,IN,2021-12-18 06:09:23,21.7667,72.15,69.62,52,0,8.05
536,Buzmeyin,TM,2021-12-18 06:09:23,38.0507,58.2056,62.37,18,0,4.0
537,Catuday,PH,2021-12-18 06:09:24,16.2923,119.8062,83.75,64,100,13.51
538,Sines,PT,2021-12-18 06:09:24,37.9562,-8.8698,51.3,89,100,13.0
539,Zambezi,ZM,2021-12-18 06:09:24,-13.5432,23.1047,67.33,91,100,1.54
540,Poum,NC,2021-12-18 06:09:25,-20.2333,164.0167,77.77,73,65,10.51
541,Warren,US,2021-12-18 06:09:25,39.4334,-84.1666,43.41,89,90,1.01
542,Kurilsk,RU,2021-12-18 06:09:25,45.2333,147.8833,23.13,61,97,28.86
543,Evanston,US,2021-12-18 06:09:26,42.0411,-87.6901,40.95,72,90,3.0
544,Doka,SD,2021-12-18 06:09:26,13.5167,35.7667,75.72,44,66,9.93
545,Bubaque,GW,2021-12-18 06:09:26,11.2833,-15.8333,81.01,62,100,7.29
546,Nevelsk,RU,2021-12-18 06:10:27,46.6733,141.8633,9.03,80,100,21.23
547,Suntar,RU,2021-12-18 06:10:27,62.1444,117.6319,-37.86,99,76,2.15
548,Arlit,NE,2021-12-18 06:10:27,18.7369,7.3853,59.02,25,40,7.96
549,Adrar,MR,2021-12-18 06:10:28,20.5022,-10.0711,71.51,35,99,8.19
550,Valparaiso,CL,2021-12-18 06:10:28,-33.0393,-71.6273,55.04,76,0,3.44
